ks,hs,E_nk,E_ED
0.1,1.0,(-15.651494843651905-0.00042029018890191796j),(-15.651064649998126+2.5413698923060224e-15j)
0.2,1.0,(-14.472264642017013-0.5946885132068163j),(-14.467597384420493-0.5927256788484778j)
0.6,1.0,(-12.415359975498816-5.913836208640542j),(-12.415919583986977+5.913864931956896j)
0.4,1.0,(-13.256197769178051-3.1782607935227585j),(-13.256654575884177+3.1787427353059527j)
0.3,1.0,(-13.779216101358717-1.8649941950731086j),(-13.78005025794919+1.8677290797635564j)
0.5,1.0,(-12.812328976032983-4.530452590990806j),(-12.811346190633985+4.529702289932587j)
