ks,hs,E_nk,E_exact,E_ED,F_nk,F_exact
0.25,0.75,(-6.895197138535035-1.4129010320659587j),(-6.8978996105308426-1.419772967559376j),(-6.775808950362462+1.457008646795047j),0.6856645240527147,0.6913743910453655
0.25,1.0,(-8.786927669942633-0.6849840732273744j),(-8.77945923647059-0.6939996319130174j),(-8.463984277262437-0.7320437073043653j),0.5259315992817593,0.5066957902702236
0.25,1.25,(-11.13961384721705-0.17262223931899212j),(-11.103410571637056-0.170172636039861j),(-10.992876836203267-5.1272068657412544e-17j),0.5263843004831689,0.4856138154248071
0.5,1.25,(-9.510650382120957-1.6303180773854498j),(-9.475755255541555-1.6326419106692034j),(-9.35460063952651+1.7613186522227906j),0.08753651026887643,0.07543340509284556
0.5,1.5,(-11.7849016711908-0.623798644447211j),(-11.72392827864395-0.634842563712128j),(-11.515778724398432+0.6001197641997056j),0.04943646966192143,0.04194195458923791