ks,hs,E_nk,E_ED,F_nk
2.25,2.25,(-18.217645196366142-24.33470726442679j),(-21.338045829697577+28.017926566100307j),-0.00017352749782752677
