ks,hs,E_nk,E_ED,F_nk
0.65,2.35,(-33.32223025833699+7.408111568068893e-05j),(-33.32252003827165-8.770355062557545e-15j),0.06255923890293294
1.15,1.95,(-19.709756293579094-6.493680304836726j),(-19.68921140230504-6.448939406172957j),0.00014850486559399152
0.775,2.25,(-30.374330663441174+9.10709178857135e-05j),(-30.37469903992695-1.286437141476246e-14j),0.008215562105759595
0.9,2.15,(-25.691439061654698-0.35496042318649706j),(-25.74092646084573+0.3503639956393805j),2.720366494151914e-05
1.025,2.05,(-22.192324323739594-3.508802931257952j),(-22.199483121350347+3.5377182618838767j),-3.171500722329695e-05
