k,h,E_nk,E_ED,F_nk
1.25,2.75,(-31.572816795934383+0.0012079929617184165j),(-33.53560708592564-1.388473606768395e-14j),0.00021746128277610923
1.75,2.75,(-25.238973636844143-7.376887300246668j),(-25.23874921951255-7.377384305848729j),5.077468544073352e-05
1.5,2.75,(-28.149325188216338-3.1738217555277393j),(-28.150559491391107-3.169874294514379j),-0.0001475561943292593
