ks,hs,E_nk,E_ED,F_nk
0.5,2.75,(-40.55562116127421-1.0276163678856206e-05j),(-40.55552831340043+2.2885677288500645e-15j),0.3833033296127523
1.25,2.75,(-29.25382907913086-0.33861831763327743j),(-33.53560708592564-1.388473606768395e-14j),7.021728119053845e-05
1.75,2.75,(-25.35257677175874-7.384767551188528j),(-25.23874921951255-7.377384305848729j),-0.0001264657791845936
1.5,2.75,(-28.264398372732707-3.562200406491619j),(-28.150559491391107-3.169874294514379j),3.0388853185726673e-05
2.5,2.75,(-11.906938001742235-9.053037089754028j),(-19.25861862682144-19.902728428854314j),-2.5083207963440353e-05
